{"cik":"17","entityType":"other","sic":"0000","sicDescription":"","insiderTransactionForOwnerExists":0,"insiderTransactionForIssuerExists":0,"name":"DEFINED ASSET FUNDS MUNICIPAL INVT TR FD MON PYMT SER 156","tickers":[],"exchanges":[],"ein":null,"description":"","website":"","investorWebsite":"","category":"","fiscalYearEnd":"1231","stateOfIncorporation":"DE","stateOfIncorporationDescription":"DE","addresses":{"mailing":{"street1":"C/O DAVIS POLK & WARDWELL","street2":"450 LEXINGTON AVE","city":"NEW YORK","stateOrCountry":"NY","zipCode":"10017","stateOrCountryDescription":"NY"},"business":{"street1":"C/O MERRILL LYNCH PIERCE FENNER & SMITH","street2":"ONE LIBERTY PLZ 21ST FL 165 BROADWAY","city":"NEW YORK","stateOrCountry":"NY","zipCode":"10080","stateOrCountryDescription":"NY"}},"phone":"0000000000","flags":"","formerNames":[],"filings":{"recent":{"accessionNumber":["0000934850-95-003824","0000950112-95-002803","0000934850-95-001756","0000950103-94-000084"],"filingDate":["1995-12-15","1995-10-25","1995-02-15","1994-02-16"],"reportDate":["","","1994-12-31","1993-12-31"],"acceptanceDateTime":["1995-12-15T00:00:00.000Z","1995-10-25T00:00:00.000Z","1995-02-15T00:00:00.000Z","1994-02-16T00:00:00.000Z"],"act":["","","",""],"form":["24F-2TM","485BPOS","24F-2NT","24F-2NT"],"fileNumber":["002-69649","002-69649","002-69649","002-69649"],"filmNumber":["95601936","95583794","95511702","94509161"],"items":["","","",""],"size":[4761,11676,5574,5462],"isXBRL":[0,0,0,0],"isInlineXBRL":[0,0,0,0],"primaryDocument":["","","",""],"primaryDocDescription":["24F-2TM","DAF-MITF MPS-156               10/25/1995 TERMINATION","",""]},"files":[]}}