{"cik":"14","entityType":"other","sic":"0000","sicDescription":"","insiderTransactionForOwnerExists":0,"insiderTransactionForIssuerExists":0,"name":"DEFINED ASSET FUNDS MUNICIPAL INVT TR FD MON PYMT SER 155","tickers":[],"exchanges":[],"ein":null,"description":"","website":"","investorWebsite":"","category":"","fiscalYearEnd":"1231","stateOfIncorporation":"DE","stateOfIncorporationDescription":"DE","addresses":{"mailing":{"street1":"C/O DAVIS POLK & WARDWELL","street2":"450 LEXINGTON AVE","city":"NEW YORK","stateOrCountry":"NY","zipCode":"10017","stateOrCountryDescription":"NY"},"business":{"street1":"ONE LIBERTY PLZ 165 BROADWAY","street2":"C/O MERRILL LYNCH PIERCE FENNER & SMITH","city":"NEW YORK","stateOrCountry":"NY","zipCode":"10080","stateOrCountryDescription":"NY"}},"phone":"0000000000","flags":"","formerNames":[],"filings":{"recent":{"accessionNumber":["0000950103-94-003177","0000950112-94-000770","0000950103-94-000083"],"filingDate":["1994-06-30","1994-03-24","1994-02-16"],"reportDate":["1994-04-30","","1993-12-31"],"acceptanceDateTime":["1994-06-30T00:00:00.000Z","1994-03-24T00:00:00.000Z","1994-02-16T00:00:00.000Z"],"act":["","",""],"form":["24F-2NT","485BPOS","24F-2NT"],"fileNumber":["002-69652","002-69652","002-69652"],"filmNumber":["94537382","94517634","94509160"],"items":["","",""],"size":[4004,12147,5463],"isXBRL":[0,0,0],"isInlineXBRL":[0,0,0],"primaryDocument":["","",""],"primaryDocDescription":["","DAF-MITF MPS-155               03/24/1994 TERMINATION",""]},"files":[]}}